Workbook

Sheet tennessee_demographics_2021
A1: Demo_Pop_Male | B1: Demo_Pop_Female | C1: Demo_Pop_Under_10yo | D1: Demo_Pop_GenZ_(10-24) | E1: Demo_Pop_Millennials_(25-44) | F1: Demo_Pop_GenX_(45-59) | G1: Demo_Pop_Boomers_(60-74) | H1: Demo_Pop_Silent_(75+) | I1: Demo_Pop_Low_Income_(<$49k) | J1: Demo_Pop_Middle_Income_($50k-$149k) | K1: Demo_Pop_Upper_Income_($150k+) | L1: Demo_LaborForce_Unemployed | M1: Demo_Commuting_DriveAlone | N1: Demo_Work_From_Home | O1: Demo_Commute_Time_Minutes | P1: Demo_Pop25yo+_Edu_HighSchool | Q1: Demo_Pop25yo+_Edu_Bachelors | R1: Demo_Pop25yo+_Edu_Graduate | S1: Demo_Owner_Occupied_Housing | T1: Demo_Renter_Occupied_Housing | U1: Demo_Total_Pop_2010 | V1: Demo_Total_households | W1: Demo_Median_income | X1: zip code tabulation area | Y1: year
A2: 2631 | B2: 2794 | C2: 547 | D2: 376 | E2: 287 | F2: 409 | G2: 616 | H2: 165 | I2: 402 | J2: 926 | K2: 493 | L2: 134 | M2: 2422 | N2: 147 | O2: 2646 | P2: 622 | Q2: 835 | R2: 471 | S2: 1721 | T2: 100 | U2: 5425 | V2: 1821 | W2: 100587 | X2: 37010 | Y2: 2021
A3: 1084 | B3: 998 | C3: 213 | D3: 58 | E3: 233 | F3: 270 | G3: 94 | H3: 54 | I3: 391 | J3: 474 | K3: 7 | L3: 36 | M3: 1025 | N3: 2 | O3: 1076 | P3: 547 | Q3: 161 | R3: 17 | S3: 690 | T3: 182 | U3: 2082 | V3: 872 | W3: 55300 | X3: 37012 | Y3: 2021
A4: 50254 | B4: 51930 | C4: 12493 | D4: 3603 | E4: 12610 | F4: 11922 | G4: 4946 | H4: 2387 | I4: 13497 | J4: 18955 | K4: 3031 | L4: 3585 | M4: 40513 | N4: 4288 | O4: 48055 | P4: 14545 | Q4: 13447 | R4: 4246 | S4: 19926 | T4: 15557 | U4: 102184 | V4: 35483 | W4: 61801 | X4: 37013 | Y4: 2021
A5: 1658 | B5: 1296 | C5: 314 | D5: 139 | E5: 49 | F5: 280 | G5: 276 | H5: 191 | I5: 426 | J5: 343 | K5: 451 | L5: 33 | M5: 938 | N5: 166 | O5: 1021 | P5: 684 | Q5: 448 | R5: 167 | S5: 1196 | T5: 24 | U5: 2954 | V5: 1220 | W5: 105086 | X5: 37014 | Y5: 2021
A6: 9760 | B6: 9219 | C6: 2005 | D6: 831 | E6: 1628 | F6: 1668 | G6: 1406 | H6: 1127 | I6: 2632 | J6: 3973 | K6: 442 | L6: 525 | M6: 6965 | N6: 560 | O6: 8167 | P6: 4279 | Q6: 1659 | R6: 494 | S6: 5260 | T6: 1787 | U6: 18979 | V6: 7047 | W6: 63755 | X6: 37015 | Y6: 2021
A7: 449 | B7: 478 | C7: 62 | D7: 6 | E7: 58 | F7: 74 | G7: 98 | H7: 65 | I7: 149 | J7: 211 | K7: 49 | L7: 0 | M7: 367 | N7: 65 | O7: 386 | P7: 309 | Q7: 65 | R7: 46 | S7: 345 | T7: 64 | U7: 927 | V7: 409 | W7: 60958 | X7: 37016 | Y7: 2021
A8: 1242 | B8: 1245 | C8: 282 | D8: 161 | E8: 132 | F8: 119 | G8: 319 | H8: 84 | I8: 368 | J8: 359 | K8: 23 | L8: 25 | M8: 710 | N8: 46 | O8: 852 | P8: 475 | Q8: 144 | R8: 38 | S8: 609 | T8: 141 | U8: 2487 | V8: 750 | W8: 52667 | X8: 37018 | Y8: 2021
A9: 496 | B9: 292 | C9: 113 | D9: 11 | E9: 123 | F9: 125 | G9: 56 | H9: 31 | I9: 156 | J9: 110 | K9: 0 | L9: 51 | M9: 299 | N9: 5 | O9: 307 | P9: 214 | Q9: 19 | R9: 47 | S9: 159 | T9: 107 | U9: 788 | V9: 266 | W9: 39676 | X9: 37019 | Y9: 2021
A10: 2567 | B10: 2661 | C10: 507 | D10: 212 | E10: 505 | F10: 569 | G10: 267 | H10: 229 | I10: 674 | J10: 1167 | K10: 133 | L10: 53 | M10: 2025 | N10: 143 | O10: 2300 | P10: 792 | Q10: 630 | R10: 167 | S10: 1847 | T10: 127 | U10: 5228 | V10: 1974 | W10: 65000 | X10: 37020 | Y10: 2021
A11: 3483 | B11: 3016 | C11: 1031 | D11: 379 | E11: 477 | F11: 473 | G11: 402 | H11: 340 | I11: 959 | J11: 1196 | K11: 126 | L11: 129 | M11: 2259 | N11: 128 | O11: 2639 | P11: 1223 | Q11: 579 | R11: 83 | S11: 1995 | T11: 286 | U11: 6499 | V11: 2281 | W11: 64257 | X11: 37022 | Y11: 2021
A12: 744 | B12: 640 | C12: 124 | D12: 48 | E12: 98 | F12: 101 | G12: 133 | H12: 193 | I12: 241 | J12: 254 | K12: 34 | L12: 42 | M12: 514 | N12: 11 | O12: 566 | P12: 395 | Q12: 108 | R12: 32 | S12: 370 | T12: 159 | U12: 1384 | V12: 529 | W12: 56563 | X12: 37023 | Y12: 2021
A13: 2599 | B13: 2490 | C13: 473 | D13: 200 | E13: 366 | F13: 651 | G13: 208 | H13: 308 | I13: 892 | J13: 850 | K13: 160 | L13: 102 | M13: 1713 | N13: 327 | O13: 2047 | P13: 1216 | Q13: 358 | R13: 147 | S13: 1797 | T13: 105 | U13: 5089 | V13: 1902 | W13: 56571 | X13: 37025 | Y13: 2021
... A637: 176 | B637: 72 | C637: 29 | D637: 0 | E637: 9 | F637: 14 | G637: 35 | H637: 22 | I637: 54 | J637: 57 | K637: 0 | L637: 0 | M637: 64 | N637: 0 | O637: 70 | P637: 21 | Q637: 0 | R637: 0 | S637: 107 | T637: 4 | U637: 248 | V637: 111 | W637: 50083 | X637: 38589 | Y637: 2021

Sheet tennessee_demographics_2022
A1: Demo_Pop_Male | B1: Demo_Pop_Female | C1: Demo_Pop_Under_10yo | D1: Demo_Pop_GenZ_(10-24) | E1: Demo_Pop_Millennials_(25-44) | F1: Demo_Pop_GenX_(45-59) | G1: Demo_Pop_Boomers_(60-74) | H1: Demo_Pop_Silent_(75+) | I1: Demo_Pop_Low_Income_(<$49k) | J1: Demo_Pop_Middle_Income_($50k-$149k) | K1: Demo_Pop_Upper_Income_($150k+) | L1: Demo_LaborForce_Unemployed | M1: Demo_Commuting_DriveAlone | N1: Demo_Work_From_Home | O1: Demo_Commute_Time_Minutes | P1: Demo_Pop25yo+_Edu_HighSchool | Q1: Demo_Pop25yo+_Edu_Bachelors | R1: Demo_Pop25yo+_Edu_Graduate | S1: Demo_Owner_Occupied_Housing | T1: Demo_Renter_Occupied_Housing | U1: Demo_Total_Pop_2010 | V1: Demo_Total_households | W1: Demo_Median_income | X1: zip code tabulation area | Y1: year
A2: 2672 | B2: 2757 | C2: 625 | D2: 343 | E2: 272 | F2: 447 | G2: 577 | H2: 175 | I2: 398 | J2: 811 | K2: 539 | L2: 100 | M2: 2313 | N2: 111 | O2: 2549 | P2: 672 | Q2: 860 | R2: 459 | S2: 1654 | T2: 94 | U2: 5429 | V2: 1748 | W2: 110532 | X2: 37010 | Y2: 2022
A3: 1288 | B3: 1052 | C3: 277 | D3: 103 | E3: 269 | F3: 323 | G3: 88 | H3: 62 | I3: 439 | J3: 495 | K3: 27 | L3: 72 | M3: 1065 | N3: 8 | O3: 1178 | P3: 563 | Q3: 171 | R3: 16 | S3: 701 | T3: 260 | U3: 2340 | V3: 961 | W3: 53042 | X3: 37012 | Y3: 2022
A4: 48921 | B4: 50879 | C4: 11623 | D4: 3343 | E4: 11972 | F4: 11856 | G4: 5012 | H4: 2553 | I4: 12482 | J4: 19664 | K4: 4109 | L4: 3604 | M4: 39278 | N4: 5313 | O4: 46441 | P4: 14659 | Q4: 13433 | R4: 4266 | S4: 20336 | T4: 15919 | U4: 99800 | V4: 36255 | W4: 67270 | X4: 37013 | Y4: 2022
A5: 1813 | B5: 1503 | C5: 278 | D5: 174 | E5: 120 | F5: 265 | G5: 278 | H5: 246 | I5: 195 | J5: 618 | K5: 494 | L5: 39 | M5: 1004 | N5: 265 | O5: 1095 | P5: 657 | Q5: 594 | R5: 215 | S5: 1307 | T5: 0 | U5: 3316 | V5: 1307 | W5: 106179 | X5: 37014 | Y5: 2022
A6: 9866 | B6: 9238 | C6: 1938 | D6: 761 | E6: 1703 | F6: 1751 | G6: 1392 | H6: 1166 | I6: 2539 | J6: 3990 | K6: 818 | L6: 429 | M6: 6965 | N6: 747 | O6: 8072 | P6: 4433 | Q6: 1873 | R6: 605 | S6: 5876 | T6: 1471 | U6: 19104 | V6: 7347 | W6: 70271 | X6: 37015 | Y6: 2022
A7: 442 | B7: 493 | C7: 57 | D7: 5 | E7: 70 | F7: 105 | G7: 77 | H7: 64 | I7: 147 | J7: 199 | K7: 44 | L7: 4 | M7: 370 | N7: 74 | O7: 377 | P7: 306 | Q7: 43 | R7: 32 | S7: 325 | T7: 65 | U7: 935 | V7: 390 | W7: 61979 | X7: 37016 | Y7: 2022
A8: 1307 | B8: 1301 | C8: 282 | D8: 201 | E8: 132 | F8: 165 | G8: 293 | H8: 87 | I8: 398 | J8: 351 | K8: 72 | L8: 57 | M8: 657 | N8: 110 | O8: 839 | P8: 518 | Q8: 146 | R8: 36 | S8: 635 | T8: 186 | U8: 2608 | V8: 821 | W8: 57734 | X8: 37018 | Y8: 2022
A9: 537 | B9: 307 | C9: 109 | D9: 4 | E9: 98 | F9: 128 | G9: 68 | H9: 77 | I9: 170 | J9: 129 | K9: 11 | L9: 79 | M9: 299 | N9: 9 | O9: 322 | P9: 228 | Q9: 35 | R9: 54 | S9: 225 | T9: 85 | U9: 844 | V9: 310 | W9: 43636 | X9: 37019 | Y9: 2022
A10: 2378 | B10: 2615 | C10: 430 | D10: 213 | E10: 409 | F10: 539 | G10: 260 | H10: 260 | I10: 463 | J10: 1217 | K10: 210 | L10: 84 | M10: 1882 | N10: 251 | O10: 2160 | P10: 757 | Q10: 640 | R10: 173 | S10: 1750 | T10: 140 | U10: 4993 | V10: 1890 | W10: 73654 | X10: 37020 | Y10: 2022
A11: 3107 | B11: 3056 | C11: 932 | D11: 274 | E11: 359 | F11: 492 | G11: 373 | H11: 319 | I11: 954 | J11: 1030 | K11: 222 | L11: 158 | M11: 1951 | N11: 150 | O11: 2341 | P11: 1187 | Q11: 577 | R11: 81 | S11: 1941 | T11: 265 | U11: 6163 | V11: 2206 | W11: 66648 | X11: 37022 | Y11: 2022
A12: 882 | B12: 687 | C12: 192 | D12: 93 | E12: 80 | F12: 125 | G12: 174 | H12: 161 | I12: 187 | J12: 273 | K12: 41 | L12: 0 | M12: 597 | N12: 15 | O12: 648 | P12: 476 | Q12: 42 | R12: 0 | S12: 379 | T12: 122 | U12: 1569 | V12: 501 | W12: 72768 | X12: 37023 | Y12: 2022
A13: 3093 | B13: 3085 | C13: 611 | D13: 184 | E13: 616 | F13: 702 | G13: 239 | H13: 370 | I13: 728 | J13: 1086 | K13: 358 | L13: 105 | M13: 2244 | N13: 337 | O13: 2858 | P13: 1016 | Q13: 531 | R13: 209 | S13: 2042 | T13: 130 | U13: 6178 | V13: 2172 | W13: 77996 | X13: 37025 | Y13: 2022
... A637: 178 | B637: 70 | C637: 27 | D637: 0 | E637: 0 | F637: 27 | G637: 38 | H637: 21 | I637: 50 | J637: 51 | K637: 8 | L637: 0 | M637: 67 | N637: 0 | O637: 73 | P637: 11 | Q637: 0 | R637: 0 | S637: 105 | T637: 4 | U637: 248 | V637: 109 | W637: 52750 | X637: 38589 | Y637: 2022

Sheet tennessee_demographics_2023
A1: Demo_Pop_Male | B1: Demo_Pop_Female | C1: Demo_Pop_Under_10yo | D1: Demo_Pop_GenZ_(10-24) | E1: Demo_Pop_Millennials_(25-44) | F1: Demo_Pop_GenX_(45-59) | G1: Demo_Pop_Boomers_(60-74) | H1: Demo_Pop_Silent_(75+) | I1: Demo_Pop_Low_Income_(<$49k) | J1: Demo_Pop_Middle_Income_($50k-$149k) | K1: Demo_Pop_Upper_Income_($150k+) | L1: Demo_LaborForce_Unemployed | M1: Demo_Commuting_DriveAlone | N1: Demo_Work_From_Home | O1: Demo_Commute_Time_Minutes | P1: Demo_Pop25yo+_Edu_HighSchool | Q1: Demo_Pop25yo+_Edu_Bachelors | R1: Demo_Pop25yo+_Edu_Graduate | S1: Demo_Owner_Occupied_Housing | T1: Demo_Renter_Occupied_Housing | U1: Demo_Total_Pop_2010 | V1: Demo_Total_households | W1: Demo_Median_income | X1: zip code tabulation area | Y1: year
A2: =IFERROR(tennessee_demographics_2022!A2*(tennessee_demographics_2022!A2/tennessee_demographics_2021!A2),0) -> 2713.6389 | B2: =IFERROR(tennessee_demographics_2022!B2*(tennessee_demographics_2022!B2/tennessee_demographics_2021!B2),0) -> 2720.49 | C2: 725.26459 | D2: 333.30764 | E2: 273.75382 | F2: 510.06905 | G2: 558.95648 | H2: 202.9555 | I2: 599.19956 | J2: 746.69528 | K2: 589.83848 | L2: =IFERROR(tennessee_demographics_2022!L2*(tennessee_demographics_2022!L2/tennessee_demographics_2021!L2),0) -> 74.626866 | M2: =IFERROR(tennessee_demographics_2022!M2*(tennessee_demographics_2022!M2/tennessee_demographics_2021!M2),0) -> 2208.9055 | N2: =IFERROR(tennessee_demographics_2022!N2*(tennessee_demographics_2022!N2/tennessee_demographics_2021!N2),0) -> 83.816327 | O2: =IFERROR(tennessee_demographics_2022!O2*(tennessee_demographics_2022!O2/tennessee_demographics_2021!O2),0) -> 2455.5559 | P2: =IFERROR(tennessee_demographics_2022!P2*(tennessee_demographics_2022!P2/tennessee_demographics_2021!P2),0) -> 726.01929 | Q2: =IFERROR(tennessee_demographics_2022!Q2*(tennessee_demographics_2022!Q2/tennessee_demographics_2021!Q2),0) -> 885.7485 | R2: =IFERROR(tennessee_demographics_2022!R2*(tennessee_demographics_2022!R2/tennessee_demographics_2021!R2),0) -> 447.30573 | S2: =IFERROR(tennessee_demographics_2022!S2*(tennessee_demographics_2022!S2/tennessee_demographics_2021!S2),0) -> 1589.6084 | ... Y2: =IFERROR(tennessee_demographics_2022!Y2*(tennessee_demographics_2022!Y2/tennessee_demographics_2021!Y2),0) -> 2023.0005
A3: =IFERROR(tennessee_demographics_2022!A3*(tennessee_demographics_2022!A3/tennessee_demographics_2021!A3),0) -> 1530.3911 | B3: =IFERROR(tennessee_demographics_2022!B3*(tennessee_demographics_2022!B3/tennessee_demographics_2021!B3),0) -> 1108.9218 | C3: 368.61852 | D3: 202.80769 | E3: 343.66688 | F3: 386.7273 | G3: 85.813853 | H3: 83.64012 | I3: 807.84684 | J3: 644.47893 | K3: 127 | L3: =IFERROR(tennessee_demographics_2022!L3*(tennessee_demographics_2022!L3/tennessee_demographics_2021!L3),0) -> 144 | M3: =IFERROR(tennessee_demographics_2022!M3*(tennessee_demographics_2022!M3/tennessee_demographics_2021!M3),0) -> 1106.561 | N3: =IFERROR(tennessee_demographics_2022!N3*(tennessee_demographics_2022!N3/tennessee_demographics_2021!N3),0) -> 32 | O3: =IFERROR(tennessee_demographics_2022!O3*(tennessee_demographics_2022!O3/tennessee_demographics_2021!O3),0) -> 1289.6691 | P3: =IFERROR(tennessee_demographics_2022!P3*(tennessee_demographics_2022!P3/tennessee_demographics_2021!P3),0) -> 579.46801 | Q3: =IFERROR(tennessee_demographics_2022!Q3*(tennessee_demographics_2022!Q3/tennessee_demographics_2021!Q3),0) -> 181.62112 | R3: =IFERROR(tennessee_demographics_2022!R3*(tennessee_demographics_2022!R3/tennessee_demographics_2021!R3),0) -> 15.058824 | S3: =IFERROR(tennessee_demographics_2022!S3*(tennessee_demographics_2022!S3/tennessee_demographics_2021!S3),0) -> 712.17536 | ... Y3: =IFERROR(tennessee_demographics_2022!Y3*(tennessee_demographics_2022!Y3/tennessee_demographics_2021!Y3),0) -> 2023.0005
A4: =IFERROR(tennessee_demographics_2022!A4*(tennessee_demographics_2022!A4/tennessee_demographics_2021!A4),0) -> 47623.358 | B4: =IFERROR(tennessee_demographics_2022!B4*(tennessee_demographics_2022!B4/tennessee_demographics_2021!B4),0) -> 49849.271 | C4: 10852.523 | D4: 3124.4173 | E4: 11399.74 | F4: 11826.393 | G4: 5179.2482 | H4: 2795.3866 | I4: 12019.034 | J4: 20478.423 | K4: 5698.9763 | L4: =IFERROR(tennessee_demographics_2022!L4*(tennessee_demographics_2022!L4/tennessee_demographics_2021!L4),0) -> 3623.1007 | M4: =IFERROR(tennessee_demographics_2022!M4*(tennessee_demographics_2022!M4/tennessee_demographics_2021!M4),0) -> 38080.648 | N4: =IFERROR(tennessee_demographics_2022!N4*(tennessee_demographics_2022!N4/tennessee_demographics_2021!N4),0) -> 6583.0152 | O4: =IFERROR(tennessee_demographics_2022!O4*(tennessee_demographics_2022!O4/tennessee_demographics_2021!O4),0) -> 44881.209 | P4: =IFERROR(tennessee_demographics_2022!P4*(tennessee_demographics_2022!P4/tennessee_demographics_2021!P4),0) -> 14773.894 | Q4: =IFERROR(tennessee_demographics_2022!Q4*(tennessee_demographics_2022!Q4/tennessee_demographics_2021!Q4),0) -> 13419.015 | R4: =IFERROR(tennessee_demographics_2022!R4*(tennessee_demographics_2022!R4/tennessee_demographics_2021!R4),0) -> 4286.0942 | S4: =IFERROR(tennessee_demographics_2022!S4*(tennessee_demographics_2022!S4/tennessee_demographics_2021!S4),0) -> 20754.436 | ... Y4: =IFERROR(tennessee_demographics_2022!Y4*(tennessee_demographics_2022!Y4/tennessee_demographics_2021!Y4),0) -> 2023.0005
A5: =IFERROR(tennessee_demographics_2022!A5*(tennessee_demographics_2022!A5/tennessee_demographics_2021!A5),0) -> 1982.4903 | B5: =IFERROR(tennessee_demographics_2022!B5*(tennessee_demographics_2022!B5/tennessee_demographics_2021!B5),0) -> 1743.0625 | C5: 264.66741 | D5: 239.58634 | E5: 615.89286 | F5: 257.09962 | G5: 281.32653 | H5: 407.58518 | I5: 160.83757 | J5: 2388.7162 | K5: 599.6065 | L5: =IFERROR(tennessee_demographics_2022!L5*(tennessee_demographics_2022!L5/tennessee_demographics_2021!L5),0) -> 46.090909 | M5: =IFERROR(tennessee_demographics_2022!M5*(tennessee_demographics_2022!M5/tennessee_demographics_2021!M5),0) -> 1074.6439 | N5: =IFERROR(tennessee_demographics_2022!N5*(tennessee_demographics_2022!N5/tennessee_demographics_2021!N5),0) -> 423.04217 | O5: =IFERROR(tennessee_demographics_2022!O5*(tennessee_demographics_2022!O5/tennessee_demographics_2021!O5),0) -> 1174.3634 | P5: =IFERROR(tennessee_demographics_2022!P5*(tennessee_demographics_2022!P5/tennessee_demographics_2021!P5),0) -> 631.06579 | Q5: =IFERROR(tennessee_demographics_2022!Q5*(tennessee_demographics_2022!Q5/tennessee_demographics_2021!Q5),0) -> 787.58036 | R5: =IFERROR(tennessee_demographics_2022!R5*(tennessee_demographics_2022!R5/tennessee_demographics_2021!R5),0) -> 276.79641 | S5: =IFERROR(tennessee_demographics_2022!S5*(tennessee_demographics_2022!S5/tennessee_demographics_2021!S5),0) -> 1428.3018 | ... Y5: =IFERROR(tennessee_demographics_2022!Y5*(tennessee_demographics_2022!Y5/tennessee_demographics_2021!Y5),0) -> 2023.0005
A6: =IFERROR(tennessee_demographics_2022!A6*(tennessee_demographics_2022!A6/tennessee_demographics_2021!A6),0) -> 9973.1512 | B6: =IFERROR(tennessee_demographics_2022!B6*(tennessee_demographics_2022!B6/tennessee_demographics_2021!B6),0) -> 9257.0392 | C6: 1890.9964 | D6: 702.85393 | E6: 1787.6538 | F6: 1845.117 | G6: 1378.3219 | H6: 1208.461 | I6: 2638.2755 | J6: 4216.3671 | K6: 1513.9268 | L6: =IFERROR(tennessee_demographics_2022!L6*(tennessee_demographics_2022!L6/tennessee_demographics_2021!L6),0) -> 350.55429 | M6: =IFERROR(tennessee_demographics_2022!M6*(tennessee_demographics_2022!M6/tennessee_demographics_2021!M6),0) -> 6965 | N6: =IFERROR(tennessee_demographics_2022!N6*(tennessee_demographics_2022!N6/tennessee_demographics_2021!N6),0) -> 996.44464 | O6: =IFERROR(tennessee_demographics_2022!O6*(tennessee_demographics_2022!O6/tennessee_demographics_2021!O6),0) -> 7978.1051 | P6: =IFERROR(tennessee_demographics_2022!P6*(tennessee_demographics_2022!P6/tennessee_demographics_2021!P6),0) -> 4592.5424 | Q6: =IFERROR(tennessee_demographics_2022!Q6*(tennessee_demographics_2022!Q6/tennessee_demographics_2021!Q6),0) -> 2114.6046 | R6: =IFERROR(tennessee_demographics_2022!R6*(tennessee_demographics_2022!R6/tennessee_demographics_2021!R6),0) -> 740.9413 | S6: =IFERROR(tennessee_demographics_2022!S6*(tennessee_demographics_2022!S6/tennessee_demographics_2021!S6),0) -> 6564.1399 | ... Y6: =IFERROR(tennessee_demographics_2022!Y6*(tennessee_demographics_2022!Y6/tennessee_demographics_2021!Y6),0) -> 2023.0005
A7: =IFERROR(tennessee_demographics_2022!A7*(tennessee_demographics_2022!A7/tennessee_demographics_2021!A7),0) -> 435.10913 | B7: =IFERROR(tennessee_demographics_2022!B7*(tennessee_demographics_2022!B7/tennessee_demographics_2021!B7),0) -> 508.47071 | C7: 58.173776 | D7: 4.1666667 | E7: 131.13571 | F7: 157.79605 | G7: 60.7 | H7: 63.025 | I7: 221.95309 | J7: 198.26396 | K7: 48.809365 | L7: =IFERROR(tennessee_demographics_2022!L7*(tennessee_demographics_2022!L7/tennessee_demographics_2021!L7),0) -> 0 | M7: =IFERROR(tennessee_demographics_2022!M7*(tennessee_demographics_2022!M7/tennessee_demographics_2021!M7),0) -> 373.02452 | N7: =IFERROR(tennessee_demographics_2022!N7*(tennessee_demographics_2022!N7/tennessee_demographics_2021!N7),0) -> 84.246154 | O7: =IFERROR(tennessee_demographics_2022!O7*(tennessee_demographics_2022!O7/tennessee_demographics_2021!O7),0) -> 368.20984 | P7: =IFERROR(tennessee_demographics_2022!P7*(tennessee_demographics_2022!P7/tennessee_demographics_2021!P7),0) -> 303.02913 | Q7: =IFERROR(tennessee_demographics_2022!Q7*(tennessee_demographics_2022!Q7/tennessee_demographics_2021!Q7),0) -> 28.446154 | R7: =IFERROR(tennessee_demographics_2022!R7*(tennessee_demographics_2022!R7/tennessee_demographics_2021!R7),0) -> 22.26087 | S7: =IFERROR(tennessee_demographics_2022!S7*(tennessee_demographics_2022!S7/tennessee_demographics_2021!S7),0) -> 306.15942 | ... Y7: =IFERROR(tennessee_demographics_2022!Y7*(tennessee_demographics_2022!Y7/tennessee_demographics_2021!Y7),0) -> 2023.0005
A8: =IFERROR(tennessee_demographics_2022!A8*(tennessee_demographics_2022!A8/tennessee_demographics_2021!A8),0) -> 1375.4018 | B8: =IFERROR(tennessee_demographics_2022!B8*(tennessee_demographics_2022!B8/tennessee_demographics_2021!B8),0) -> 1359.5189 | C8: 364.11443 | D8: 276.0556 | E8: 139.96492 | F8: 240.20098 | G8: 273.79621 | H8: 165.985 | I8: 589.12821 | J8: 399.96229 | K8: 292.5 | L8: =IFERROR(tennessee_demographics_2022!L8*(tennessee_demographics_2022!L8/tennessee_demographics_2021!L8),0) -> 129.96 | M8: =IFERROR(tennessee_demographics_2022!M8*(tennessee_demographics_2022!M8/tennessee_demographics_2021!M8),0) -> 607.95634 | N8: =IFERROR(tennessee_demographics_2022!N8*(tennessee_demographics_2022!N8/tennessee_demographics_2021!N8),0) -> 263.04348 | O8: =IFERROR(tennessee_demographics_2022!O8*(tennessee_demographics_2022!O8/tennessee_demographics_2021!O8),0) -> 826.19836 | P8: =IFERROR(tennessee_demographics_2022!P8*(tennessee_demographics_2022!P8/tennessee_demographics_2021!P8),0) -> 564.89263 | Q8: =IFERROR(tennessee_demographics_2022!Q8*(tennessee_demographics_2022!Q8/tennessee_demographics_2021!Q8),0) -> 148.02778 | R8: =IFERROR(tennessee_demographics_2022!R8*(tennessee_demographics_2022!R8/tennessee_demographics_2021!R8),0) -> 34.105263 | S8: =IFERROR(tennessee_demographics_2022!S8*(tennessee_demographics_2022!S8/tennessee_demographics_2021!S8),0) -> 662.11002 | ... Y8: =IFERROR(tennessee_demographics_2022!Y8*(tennessee_demographics_2022!Y8/tennessee_demographics_2021!Y8),0) -> 2023.0005
A9: =IFERROR(tennessee_demographics_2022!A9*(tennessee_demographics_2022!A9/tennessee_demographics_2021!A9),0) -> 581.38911 | B9: =IFERROR(tennessee_demographics_2022!B9*(tennessee_demographics_2022!B9/tennessee_demographics_2021!B9),0) -> 322.77055 | C9: 111.95133 | D9: 1.4545455 | E9: 80.741898 | F9: 147.21784 | G9: 102.75556 | H9: 148.91667 | I9: 382.02423 | J9: 184.14231 | K9: 0 | L9: =IFERROR(tennessee_demographics_2022!L9*(tennessee_demographics_2022!L9/tennessee_demographics_2021!L9),0) -> 122.37255 | M9: =IFERROR(tennessee_demographics_2022!M9*(tennessee_demographics_2022!M9/tennessee_demographics_2021!M9),0) -> 299 | N9: =IFERROR(tennessee_demographics_2022!N9*(tennessee_demographics_2022!N9/tennessee_demographics_2021!N9),0) -> 16.2 | O9: =IFERROR(tennessee_demographics_2022!O9*(tennessee_demographics_2022!O9/tennessee_demographics_2021!O9),0) -> 337.7329 | P9: =IFERROR(tennessee_demographics_2022!P9*(tennessee_demographics_2022!P9/tennessee_demographics_2021!P9),0) -> 242.91589 | Q9: =IFERROR(tennessee_demographics_2022!Q9*(tennessee_demographics_2022!Q9/tennessee_demographics_2021!Q9),0) -> 64.473684 | R9: =IFERROR(tennessee_demographics_2022!R9*(tennessee_demographics_2022!R9/tennessee_demographics_2021!R9),0) -> 62.042553 | S9: =IFERROR(tennessee_demographics_2022!S9*(tennessee_demographics_2022!S9/tennessee_demographics_2021!S9),0) -> 318.39623 | ... Y9: =IFERROR(tennessee_demographics_2022!Y9*(tennessee_demographics_2022!Y9/tennessee_demographics_2021!Y9),0) -> 2023.0005
A10: =IFERROR(tennessee_demographics_2022!A10*(tennessee_demographics_2022!A10/tennessee_demographics_2021!A10),0) -> 2202.9155 | B10: =IFERROR(tennessee_demographics_2022!B10*(tennessee_demographics_2022!B10/tennessee_demographics_2021!B10),0) -> 2569.7952 | C10: 388.08201 | D10: 225.81108 | E10: 333.47928 | F10: 553.26935 | G10: 261.2175 | H10: 300.12908 | I10: 373.76912 | J10: 1304.1371 | K10: 334.28546 | L10: =IFERROR(tennessee_demographics_2022!L10*(tennessee_demographics_2022!L10/tennessee_demographics_2021!L10),0) -> 133.13208 | M10: =IFERROR(tennessee_demographics_2022!M10*(tennessee_demographics_2022!M10/tennessee_demographics_2021!M10),0) -> 1749.0983 | N10: =IFERROR(tennessee_demographics_2022!N10*(tennessee_demographics_2022!N10/tennessee_demographics_2021!N10),0) -> 440.56643 | O10: =IFERROR(tennessee_demographics_2022!O10*(tennessee_demographics_2022!O10/tennessee_demographics_2021!O10),0) -> 2028.5217 | P10: =IFERROR(tennessee_demographics_2022!P10*(tennessee_demographics_2022!P10/tennessee_demographics_2021!P10),0) -> 723.54672 | Q10: =IFERROR(tennessee_demographics_2022!Q10*(tennessee_demographics_2022!Q10/tennessee_demographics_2021!Q10),0) -> 650.15873 | R10: =IFERROR(tennessee_demographics_2022!R10*(tennessee_demographics_2022!R10/tennessee_demographics_2021!R10),0) -> 179.21557 | S10: =IFERROR(tennessee_demographics_2022!S10*(tennessee_demographics_2022!S10/tennessee_demographics_2021!S10),0) -> 1658.0942 | ... Y10: =IFERROR(tennessee_demographics_2022!Y10*(tennessee_demographics_2022!Y10/tennessee_demographics_2021!Y10),0) -> 2023.0005
A11: =IFERROR(tennessee_demographics_2022!A11*(tennessee_demographics_2022!A11/tennessee_demographics_2021!A11),0) -> 2771.5903 | B11: =IFERROR(tennessee_demographics_2022!B11*(tennessee_demographics_2022!B11/tennessee_demographics_2021!B11),0) -> 3096.5305 | C11: 866.01755 | D11: 210.0023 | E11: 332.34278 | F11: 515.30599 | G11: 348.88879 | H11: 313.80044 | I11: 1196.7331 | J11: 911.21775 | K11: 556.22222 | L11: =IFERROR(tennessee_demographics_2022!L11*(tennessee_demographics_2022!L11/tennessee_demographics_2021!L11),0) -> 193.51938 | M11: =IFERROR(tennessee_demographics_2022!M11*(tennessee_demographics_2022!M11/tennessee_demographics_2021!M11),0) -> 1684.9938 | N11: =IFERROR(tennessee_demographics_2022!N11*(tennessee_demographics_2022!N11/tennessee_demographics_2021!N11),0) -> 175.78125 | O11: =IFERROR(tennessee_demographics_2022!O11*(tennessee_demographics_2022!O11/tennessee_demographics_2021!O11),0) -> 2076.6506 | P11: =IFERROR(tennessee_demographics_2022!P11*(tennessee_demographics_2022!P11/tennessee_demographics_2021!P11),0) -> 1152.0597 | Q11: =IFERROR(tennessee_demographics_2022!Q11*(tennessee_demographics_2022!Q11/tennessee_demographics_2021!Q11),0) -> 575.00691 | R11: =IFERROR(tennessee_demographics_2022!R11*(tennessee_demographics_2022!R11/tennessee_demographics_2021!R11),0) -> 79.048193 | S11: =IFERROR(tennessee_demographics_2022!S11*(tennessee_demographics_2022!S11/tennessee_demographics_2021!S11),0) -> 1888.4617 | ... Y11: =IFERROR(tennessee_demographics_2022!Y11*(tennessee_demographics_2022!Y11/tennessee_demographics_2021!Y11),0) -> 2023.0005
A12: =IFERROR(tennessee_demographics_2022!A12*(tennessee_demographics_2022!A12/tennessee_demographics_2021!A12),0) -> 1045.5968 | B12: =IFERROR(tennessee_demographics_2022!B12*(tennessee_demographics_2022!B12/tennessee_demographics_2021!B12),0) -> 737.45156 | C12: 648.85597 | D12: 180.1875 | E12: 85.511796 | F12: 160.57661 | G12: 256.34898 | H12: 136.1279 | I12: 154.58522 | J12: 361.9717 | K12: 38.117647 | L12: =IFERROR(tennessee_demographics_2022!L12*(tennessee_demographics_2022!L12/tennessee_demographics_2021!L12),0) -> 0 | M12: =IFERROR(tennessee_demographics_2022!M12*(tennessee_demographics_2022!M12/tennessee_demographics_2021!M12),0) -> 693.40272 | N12: =IFERROR(tennessee_demographics_2022!N12*(tennessee_demographics_2022!N12/tennessee_demographics_2021!N12),0) -> 20.454545 | O12: =IFERROR(tennessee_demographics_2022!O12*(tennessee_demographics_2022!O12/tennessee_demographics_2021!O12),0) -> 741.87986 | P12: =IFERROR(tennessee_demographics_2022!P12*(tennessee_demographics_2022!P12/tennessee_demographics_2021!P12),0) -> 573.61013 | Q12: =IFERROR(tennessee_demographics_2022!Q12*(tennessee_demographics_2022!Q12/tennessee_demographics_2021!Q12),0) -> 16.333333 | R12: =IFERROR(tennessee_demographics_2022!R12*(tennessee_demographics_2022!R12/tennessee_demographics_2021!R12),0) -> 0 | S12: =IFERROR(tennessee_demographics_2022!S12*(tennessee_demographics_2022!S12/tennessee_demographics_2021!S12),0) -> 388.21892 | ... Y12: =IFERROR(tennessee_demographics_2022!Y12*(tennessee_demographics_2022!Y12/tennessee_demographics_2021!Y12),0) -> 2023.0005
A13: =IFERROR(tennessee_demographics_2022!A13*(tennessee_demographics_2022!A13/tennessee_demographics_2021!A13),0) -> 3680.8961 | B13: =IFERROR(tennessee_demographics_2022!B13*(tennessee_demographics_2022!B13/tennessee_demographics_2021!B13),0) -> 3822.1787 | C13: 800.09263 | D13: 173.22637 | E13: 1069.2618 | F13: 762.52732 | G13: 299.26188 | H13: 601.59259 | I13: 765.28002 | J13: 1595.0363 | K13: 3112.5161 | L13: =IFERROR(tennessee_demographics_2022!L13*(tennessee_demographics_2022!L13/tennessee_demographics_2021!L13),0) -> 108.08824 | M13: =IFERROR(tennessee_demographics_2022!M13*(tennessee_demographics_2022!M13/tennessee_demographics_2021!M13),0) -> 2939.6007 | N13: =IFERROR(tennessee_demographics_2022!N13*(tennessee_demographics_2022!N13/tennessee_demographics_2021!N13),0) -> 347.30581 | O13: =IFERROR(tennessee_demographics_2022!O13*(tennessee_demographics_2022!O13/tennessee_demographics_2021!O13),0) -> 3990.3097 | P13: =IFERROR(tennessee_demographics_2022!P13*(tennessee_demographics_2022!P13/tennessee_demographics_2021!P13),0) -> 848.89474 | Q13: =IFERROR(tennessee_demographics_2022!Q13*(tennessee_demographics_2022!Q13/tennessee_demographics_2021!Q13),0) -> 787.60056 | R13: =IFERROR(tennessee_demographics_2022!R13*(tennessee_demographics_2022!R13/tennessee_demographics_2021!R13),0) -> 297.14966 | S13: =IFERROR(tennessee_demographics_2022!S13*(tennessee_demographics_2022!S13/tennessee_demographics_2021!S13),0) -> 2320.4029 | ... Y13: =IFERROR(tennessee_demographics_2022!Y13*(tennessee_demographics_2022!Y13/tennessee_demographics_2021!Y13),0) -> 2023.0005
... A637: =IFERROR(tennessee_demographics_2022!A637*(tennessee_demographics_2022!A637/tennessee_demographics_2021!A637),0) -> 180.02273 | B637: =IFERROR(tennessee_demographics_2022!B637*(tennessee_demographics_2022!B637/tennessee_demographics_2021!B637),0) -> 68.055556 | C637: 25.137931 | D637: 0 | E637: 0 | F637: 53.1 | G637: 41.701149 | H637: 20.54386 | I637: 57.894737 | J637: 51 | K637: 0 | L637: =IFERROR(tennessee_demographics_2022!L637*(tennessee_demographics_2022!L637/tennessee_demographics_2021!L637),0) -> 0 | M637: =IFERROR(tennessee_demographics_2022!M637*(tennessee_demographics_2022!M637/tennessee_demographics_2021!M637),0) -> 70.140625 | N637: =IFERROR(tennessee_demographics_2022!N637*(tennessee_demographics_2022!N637/tennessee_demographics_2021!N637),0) -> 0 | O637: =IFERROR(tennessee_demographics_2022!O637*(tennessee_demographics_2022!O637/tennessee_demographics_2021!O637),0) -> 76.128571 | P637: =IFERROR(tennessee_demographics_2022!P637*(tennessee_demographics_2022!P637/tennessee_demographics_2021!P637),0) -> 5.7619048 | Q637: =IFERROR(tennessee_demographics_2022!Q637*(tennessee_demographics_2022!Q637/tennessee_demographics_2021!Q637),0) -> 0 | R637: =IFERROR(tennessee_demographics_2022!R637*(tennessee_demographics_2022!R637/tennessee_demographics_2021!R637),0) -> 0 | S637: =IFERROR(tennessee_demographics_2022!S637*(tennessee_demographics_2022!S637/tennessee_demographics_2021!S637),0) -> 103.03738 | ... Y637: =IFERROR(tennessee_demographics_2022!Y637*(tennessee_demographics_2022!Y637/tennessee_demographics_2021!Y637),0) -> 2023.0005

Sheet tennessee_demographics_2024
A1: Demo_Pop_Male | B1: Demo_Pop_Female | C1: Demo_Pop_Under_10yo | D1: Demo_Pop_GenZ_(10-24) | E1: Demo_Pop_Millennials_(25-44) | F1: Demo_Pop_GenX_(45-59) | G1: Demo_Pop_Boomers_(60-74) | H1: Demo_Pop_Silent_(75+) | I1: Demo_Pop_Low_Income_(<$49k) | J1: Demo_Pop_Middle_Income_($50k-$149k) | K1: Demo_Pop_Upper_Income_($150k+) | L1: Demo_LaborForce_Unemployed | M1: Demo_Commuting_DriveAlone | N1: Demo_Work_From_Home | O1: Demo_Commute_Time_Minutes | P1: Demo_Pop25yo+_Edu_HighSchool | Q1: Demo_Pop25yo+_Edu_Bachelors | R1: Demo_Pop25yo+_Edu_Graduate | T1: Demo_Total_Pop_2010 | U1: Demo_Total_households | V1: Demo_Median_income | W1: zip code tabulation area | X1: year
A2: =IFERROR(tennessee_demographics_2023!A2*(tennessee_demographics_2023!A2/tennessee_demographics_2022!A2),0) -> 2755.9267 | B2: =IFERROR(tennessee_demographics_2023!B2*(tennessee_demographics_2023!B2/tennessee_demographics_2022!B2),0) -> 2684.4634 | C2: 854.22029 | D2: 334.63126 | E2: 289.66332 | F2: 608.41282 | G2: 559.80989 | H2: 249.19941 | I2: 1291.4266 | J2: 716.59896 | K2: 646.06597 | L2: =IFERROR(tennessee_demographics_2023!L2*(tennessee_demographics_2023!L2/tennessee_demographics_2022!L2),0) -> 55.691691 | M2: =IFERROR(tennessee_demographics_2023!M2*(tennessee_demographics_2023!M2/tennessee_demographics_2022!M2),0) -> 2109.4956 | N2: =IFERROR(tennessee_demographics_2023!N2*(tennessee_demographics_2023!N2/tennessee_demographics_2022!N2),0) -> 63.289879 | O2: =IFERROR(tennessee_demographics_2023!O2*(tennessee_demographics_2023!O2/tennessee_demographics_2022!O2),0) -> 2365.5374 | P2: =IFERROR(tennessee_demographics_2023!P2*(tennessee_demographics_2023!P2/tennessee_demographics_2022!P2),0) -> 784.38097 | Q2: =IFERROR(tennessee_demographics_2023!Q2*(tennessee_demographics_2023!Q2/tennessee_demographics_2022!Q2),0) -> 912.26792 | R2: =IFERROR(tennessee_demographics_2023!R2*(tennessee_demographics_2023!R2/tennessee_demographics_2022!R2),0) -> 435.90941 | S2: 1610.782 | T2: =IFERROR(tennessee_demographics_2023!U2*(tennessee_demographics_2023!U2/tennessee_demographics_2022!U2),0) -> 5437.0089 | U2: =IFERROR(tennessee_demographics_2023!V2*(tennessee_demographics_2023!V2/tennessee_demographics_2022!V2),0) -> 1610.6619 | V2: =IFERROR(tennessee_demographics_2023!W2*(tennessee_demographics_2023!W2/tennessee_demographics_2022!W2),0) -> 133468.99 | W2: =IFERROR(tennessee_demographics_2023!X2*(tennessee_demographics_2023!X2/tennessee_demographics_2022!X2),0) -> 37010 | X2: =IFERROR(tennessee_demographics_2023!Y2*(tennessee_demographics_2023!Y2/tennessee_demographics_2022!Y2),0) -> 2024.0015
A3: =IFERROR(tennessee_demographics_2023!A3*(tennessee_demographics_2023!A3/tennessee_demographics_2022!A3),0) -> 1818.3983 | B3: =IFERROR(tennessee_demographics_2023!B3*(tennessee_demographics_2023!B3/tennessee_demographics_2022!B3),0) -> 1168.9236 | C3: 501.71078 | D3: 461.15828 | E3: 529.60654 | F3: 463.41045 | G3: 86.180741 | H3: 123.07029 | I3: 2054.5939 | J3: 976.9785 | K3: 627 | L3: =IFERROR(tennessee_demographics_2023!L3*(tennessee_demographics_2023!L3/tennessee_demographics_2022!L3),0) -> 288 | M3: =IFERROR(tennessee_demographics_2023!M3*(tennessee_demographics_2023!M3/tennessee_demographics_2022!M3),0) -> 1149.7438 | N3: =IFERROR(tennessee_demographics_2023!N3*(tennessee_demographics_2023!N3/tennessee_demographics_2022!N3),0) -> 128 | O3: =IFERROR(tennessee_demographics_2023!O3*(tennessee_demographics_2023!O3/tennessee_demographics_2022!O3),0) -> 1411.924 | P3: =IFERROR(tennessee_demographics_2023!P3*(tennessee_demographics_2023!P3/tennessee_demographics_2022!P3),0) -> 596.41771 | Q3: =IFERROR(tennessee_demographics_2023!Q3*(tennessee_demographics_2023!Q3/tennessee_demographics_2022!Q3),0) -> 192.90193 | R3: =IFERROR(tennessee_demographics_2023!R3*(tennessee_demographics_2023!R3/tennessee_demographics_2022!R3),0) -> 14.17301 | S3: 1254.1411 | T3: =IFERROR(tennessee_demographics_2023!U3*(tennessee_demographics_2023!U3/tennessee_demographics_2022!U3),0) -> 2955.8754 | U3: =IFERROR(tennessee_demographics_2023!V3*(tennessee_demographics_2023!V3/tennessee_demographics_2022!V3),0) -> 1167.1783 | V3: =IFERROR(tennessee_demographics_2023!W3*(tennessee_demographics_2023!W3/tennessee_demographics_2022!W3),0) -> 48798.83 | W3: =IFERROR(tennessee_demographics_2023!X3*(tennessee_demographics_2023!X3/tennessee_demographics_2022!X3),0) -> 37012 | X3: =IFERROR(tennessee_demographics_2023!Y3*(tennessee_demographics_2023!Y3/tennessee_demographics_2022!Y3),0) -> 2024.0015
A4: =IFERROR(tennessee_demographics_2023!A4*(tennessee_demographics_2023!A4/tennessee_demographics_2022!A4),0) -> 46360.137 | B4: =IFERROR(tennessee_demographics_2023!B4*(tennessee_demographics_2023!B4/tennessee_demographics_2022!B4),0) -> 48840.382 | C4: 10170.942 | D4: 2946.4558 | E4: 10890.068 | F4: 11831.496 | G4: 5453.3145 | H4: 3137.3635 | I4: 11956.178 | J4: 21407.203 | K4: 8090.0885 | L4: =IFERROR(tennessee_demographics_2023!L4*(tennessee_demographics_2023!L4/tennessee_demographics_2022!L4),0) -> 3642.3026 | M4: =IFERROR(tennessee_demographics_2023!M4*(tennessee_demographics_2023!M4/tennessee_demographics_2022!M4),0) -> 36919.796 | N4: =IFERROR(tennessee_demographics_2023!N4*(tennessee_demographics_2023!N4/tennessee_demographics_2022!N4),0) -> 8156.6137 | O4: =IFERROR(tennessee_demographics_2023!O4*(tennessee_demographics_2023!O4/tennessee_demographics_2022!O4),0) -> 43373.805 | P4: =IFERROR(tennessee_demographics_2023!P4*(tennessee_demographics_2023!P4/tennessee_demographics_2022!P4),0) -> 14889.688 | Q4: =IFERROR(tennessee_demographics_2023!Q4*(tennessee_demographics_2023!Q4/tennessee_demographics_2022!Q4),0) -> 13405.044 | R4: =IFERROR(tennessee_demographics_2023!R4*(tennessee_demographics_2023!R4/tennessee_demographics_2022!R4),0) -> 4306.2831 | S4: 37849.949 | T4: =IFERROR(tennessee_demographics_2023!U4*(tennessee_demographics_2023!U4/tennessee_demographics_2022!U4),0) -> 95197.562 | U4: =IFERROR(tennessee_demographics_2023!V4*(tennessee_demographics_2023!V4/tennessee_demographics_2022!V4),0) -> 37849.754 | V4: =IFERROR(tennessee_demographics_2023!W4*(tennessee_demographics_2023!W4/tennessee_demographics_2022!W4),0) -> 79702.745 | W4: =IFERROR(tennessee_demographics_2023!X4*(tennessee_demographics_2023!X4/tennessee_demographics_2022!X4),0) -> 37013 | X4: =IFERROR(tennessee_demographics_2023!Y4*(tennessee_demographics_2023!Y4/tennessee_demographics_2022!Y4),0) -> 2024.0015
A5: =IFERROR(tennessee_demographics_2023!A5*(tennessee_demographics_2023!A5/tennessee_demographics_2022!A5),0) -> 2167.8257 | B5: =IFERROR(tennessee_demographics_2023!B5*(tennessee_demographics_2023!B5/tennessee_demographics_2022!B5),0) -> 2021.4683 | C5: 270.44202 | D5: 356.17763 | E5: 4754.5753 | F5: 255.31829 | G5: 286.14443 | H5: 956.24329 | I5: 168.51513 | J5: 15267.721 | K5: 768.60867 | L5: =IFERROR(tennessee_demographics_2023!L5*(tennessee_demographics_2023!L5/tennessee_demographics_2022!L5),0) -> 54.471074 | M5: =IFERROR(tennessee_demographics_2023!M5*(tennessee_demographics_2023!M5/tennessee_demographics_2022!M5),0) -> 1150.2585 | N5: =IFERROR(tennessee_demographics_2023!N5*(tennessee_demographics_2023!N5/tennessee_demographics_2022!N5),0) -> 675.3384 | O5: =IFERROR(tennessee_demographics_2023!O5*(tennessee_demographics_2023!O5/tennessee_demographics_2022!O5),0) -> 1259.4788 | P5: =IFERROR(tennessee_demographics_2023!P5*(tennessee_demographics_2023!P5/tennessee_demographics_2022!P5),0) -> 606.1553 | Q5: =IFERROR(tennessee_demographics_2023!Q5*(tennessee_demographics_2023!Q5/tennessee_demographics_2022!Q5),0) -> 1044.2472 | R5: =IFERROR(tennessee_demographics_2023!R5*(tennessee_demographics_2023!R5/tennessee_demographics_2022!R5),0) -> 356.35466 | S5: 1560.8616 | T5: =IFERROR(tennessee_demographics_2023!U5*(tennessee_demographics_2023!U5/tennessee_demographics_2022!U5),0) -> 4178.5209 | U5: =IFERROR(tennessee_demographics_2023!V5*(tennessee_demographics_2023!V5/tennessee_demographics_2022!V5),0) -> 1500.0547 | V5: =IFERROR(tennessee_demographics_2023!W5*(tennessee_demographics_2023!W5/tennessee_demographics_2022!W5),0) -> 108399.22 | W5: =IFERROR(tennessee_demographics_2023!X5*(tennessee_demographics_2023!X5/tennessee_demographics_2022!X5),0) -> 37014 | X5: =IFERROR(tennessee_demographics_2023!Y5*(tennessee_demographics_2023!Y5/tennessee_demographics_2022!Y5),0) -> 2024.0015
A6: =IFERROR(tennessee_demographics_2023!A6*(tennessee_demographics_2023!A6/tennessee_demographics_2022!A6),0) -> 10081.466 | B6: =IFERROR(tennessee_demographics_2023!B6*(tennessee_demographics_2023!B6/tennessee_demographics_2022!B6),0) -> 9276.1176 | C6: 1861.0633 | D6: 654.28222 | E6: 1882.4317 | F6: 1951.7435 | G6: 1364.959 | H6: 1254.5525 | I6: 2908.2309 | J6: 4697.738 | K6: 2802.0577 | L6: =IFERROR(tennessee_demographics_2023!L6*(tennessee_demographics_2023!L6/tennessee_demographics_2022!L6),0) -> 286.45293 | M6: =IFERROR(tennessee_demographics_2023!M6*(tennessee_demographics_2023!M6/tennessee_demographics_2022!M6),0) -> 6965 | N6: =IFERROR(tennessee_demographics_2023!N6*(tennessee_demographics_2023!N6/tennessee_demographics_2022!N6),0) -> 1329.186 | O6: =IFERROR(tennessee_demographics_2023!O6*(tennessee_demographics_2023!O6/tennessee_demographics_2022!O6),0) -> 7885.3023 | P6: =IFERROR(tennessee_demographics_2023!P6*(tennessee_demographics_2023!P6/tennessee_demographics_2022!P6),0) -> 4757.8267 | Q6: =IFERROR(tennessee_demographics_2023!Q6*(tennessee_demographics_2023!Q6/tennessee_demographics_2022!Q6),0) -> 2387.3746 | R6: =IFERROR(tennessee_demographics_2023!R6*(tennessee_demographics_2023!R6/tennessee_demographics_2022!R6),0) -> 907.4281 | S6: 8329.6242 | T6: =IFERROR(tennessee_demographics_2023!U6*(tennessee_demographics_2023!U6/tennessee_demographics_2022!U6),0) -> 19356.475 | U6: =IFERROR(tennessee_demographics_2023!V6*(tennessee_demographics_2023!V6/tennessee_demographics_2022!V6),0) -> 7985.8579 | V6: =IFERROR(tennessee_demographics_2023!W6*(tennessee_demographics_2023!W6/tennessee_demographics_2022!W6),0) -> 85368.942 | W6: =IFERROR(tennessee_demographics_2023!X6*(tennessee_demographics_2023!X6/tennessee_demographics_2022!X6),0) -> 37015 | X6: =IFERROR(tennessee_demographics_2023!Y6*(tennessee_demographics_2023!Y6/tennessee_demographics_2022!Y6),0) -> 2024.0015
A7: =IFERROR(tennessee_demographics_2023!A7*(tennessee_demographics_2023!A7/tennessee_demographics_2022!A7),0) -> 428.32569 | B7: =IFERROR(tennessee_demographics_2023!B7*(tennessee_demographics_2023!B7/tennessee_demographics_2022!B7),0) -> 524.42691 | C7: 66.789276 | D7: 3.4722222 | E7: 331.51842 | F7: 249.65904 | G7: 47.998571 | H7: 62.074375 | I7: 444.24958 | J7: 209.23978 | K7: 60.032371 | L7: =IFERROR(tennessee_demographics_2023!L7*(tennessee_demographics_2023!L7/tennessee_demographics_2022!L7),0) -> 0 | M7: =IFERROR(tennessee_demographics_2023!M7*(tennessee_demographics_2023!M7/tennessee_demographics_2022!M7),0) -> 376.07377 | N7: =IFERROR(tennessee_demographics_2023!N7*(tennessee_demographics_2023!N7/tennessee_demographics_2022!N7),0) -> 95.911006 | O7: =IFERROR(tennessee_demographics_2023!O7*(tennessee_demographics_2023!O7/tennessee_demographics_2022!O7),0) -> 359.62464 | P7: =IFERROR(tennessee_demographics_2023!P7*(tennessee_demographics_2023!P7/tennessee_demographics_2022!P7),0) -> 300.0871 | Q7: =IFERROR(tennessee_demographics_2023!Q7*(tennessee_demographics_2023!Q7/tennessee_demographics_2022!Q7),0) -> 18.818225 | R7: =IFERROR(tennessee_demographics_2023!R7*(tennessee_demographics_2023!R7/tennessee_demographics_2022!R7),0) -> 15.485822 | S7: 355.45817 | T7: =IFERROR(tennessee_demographics_2023!U7*(tennessee_demographics_2023!U7/tennessee_demographics_2022!U7),0) -> 951.20772 | U7: =IFERROR(tennessee_demographics_2023!V7*(tennessee_demographics_2023!V7/tennessee_demographics_2022!V7),0) -> 354.60692 | V7: =IFERROR(tennessee_demographics_2023!W7*(tennessee_demographics_2023!W7/tennessee_demographics_2022!W7),0) -> 64072.589 | W7: =IFERROR(tennessee_demographics_2023!X7*(tennessee_demographics_2023!X7/tennessee_demographics_2022!X7),0) -> 37016 | X7: =IFERROR(tennessee_demographics_2023!Y7*(tennessee_demographics_2023!Y7/tennessee_demographics_2022!Y7),0) -> 2024.0015
A8: =IFERROR(tennessee_demographics_2023!A8*(tennessee_demographics_2023!A8/tennessee_demographics_2022!A8),0) -> 1447.3833 | B8: =IFERROR(tennessee_demographics_2023!B8*(tennessee_demographics_2023!B8/tennessee_demographics_2022!B8),0) -> 1420.6699 | C8: 728.88726 | D8: 433.92783 | E8: 156.47704 | F8: 367.2189 | G8: 260.60134 | H8: 441.95201 | I8: 1129.6919 | J8: 540.36987 | K8: 1284.75 | L8: =IFERROR(tennessee_demographics_2023!L8*(tennessee_demographics_2023!L8/tennessee_demographics_2022!L8),0) -> 296.3088 | M8: =IFERROR(tennessee_demographics_2023!M8*(tennessee_demographics_2023!M8/tennessee_demographics_2022!M8),0) -> 562.57368 | N8: =IFERROR(tennessee_demographics_2023!N8*(tennessee_demographics_2023!N8/tennessee_demographics_2022!N8),0) -> 629.01701 | O8: =IFERROR(tennessee_demographics_2023!O8*(tennessee_demographics_2023!O8/tennessee_demographics_2022!O8),0) -> 813.59204 | P8: =IFERROR(tennessee_demographics_2023!P8*(tennessee_demographics_2023!P8/tennessee_demographics_2022!P8),0) -> 616.03028 | Q8: =IFERROR(tennessee_demographics_2023!Q8*(tennessee_demographics_2023!Q8/tennessee_demographics_2022!Q8),0) -> 150.08372 | R8: =IFERROR(tennessee_demographics_2023!R8*(tennessee_demographics_2023!R8/tennessee_demographics_2022!R8),0) -> 32.310249 | S8: 1014.0461 | T8: =IFERROR(tennessee_demographics_2023!U8*(tennessee_demographics_2023!U8/tennessee_demographics_2022!U8),0) -> 2867.9475 | U8: =IFERROR(tennessee_demographics_2023!V8*(tennessee_demographics_2023!V8/tennessee_demographics_2022!V8),0) -> 983.80029 | V8: =IFERROR(tennessee_demographics_2023!W8*(tennessee_demographics_2023!W8/tennessee_demographics_2022!W8),0) -> 69377.362 | W8: =IFERROR(tennessee_demographics_2023!X8*(tennessee_demographics_2023!X8/tennessee_demographics_2022!X8),0) -> 37018 | X8: =IFERROR(tennessee_demographics_2023!Y8*(tennessee_demographics_2023!Y8/tennessee_demographics_2022!Y8),0) -> 2024.0015
A9: =IFERROR(tennessee_demographics_2023!A9*(tennessee_demographics_2023!A9/tennessee_demographics_2022!A9),0) -> 629.44749 | B9: =IFERROR(tennessee_demographics_2023!B9*(tennessee_demographics_2023!B9/tennessee_demographics_2022!B9),0) -> 339.35123 | C9: 121.75817 | D9: 0.52892562 | E9: 69.100926 | F9: 170.46439 | G9: 155.27506 | H9: 353.10069 | I9: 1169.2406 | J9: 301.00484 | K9: 0 | L9: =IFERROR(tennessee_demographics_2023!L9*(tennessee_demographics_2023!L9/tennessee_demographics_2022!L9),0) -> 189.55748 | M9: =IFERROR(tennessee_demographics_2023!M9*(tennessee_demographics_2023!M9/tennessee_demographics_2022!M9),0) -> 299 | N9: =IFERROR(tennessee_demographics_2023!N9*(tennessee_demographics_2023!N9/tennessee_demographics_2022!N9),0) -> 29.16 | O9: =IFERROR(tennessee_demographics_2023!O9*(tennessee_demographics_2023!O9/tennessee_demographics_2022!O9),0) -> 354.23451 | P9: =IFERROR(tennessee_demographics_2023!P9*(tennessee_demographics_2023!P9/tennessee_demographics_2022!P9),0) -> 258.80758 | Q9: =IFERROR(tennessee_demographics_2023!Q9*(tennessee_demographics_2023!Q9/tennessee_demographics_2022!Q9),0) -> 118.76731 | R9: =IFERROR(tennessee_demographics_2023!R9*(tennessee_demographics_2023!R9/tennessee_demographics_2022!R9),0) -> 71.282933 | S9: 504.20075 | T9: =IFERROR(tennessee_demographics_2023!U9*(tennessee_demographics_2023!U9/tennessee_demographics_2022!U9),0) -> 968.22191 | U9: =IFERROR(tennessee_demographics_2023!V9*(tennessee_demographics_2023!V9/tennessee_demographics_2022!V9),0) -> 421.0385 | V9: =IFERROR(tennessee_demographics_2023!W9*(tennessee_demographics_2023!W9/tennessee_demographics_2022!W9),0) -> 52781.173 | W9: =IFERROR(tennessee_demographics_2023!X9*(tennessee_demographics_2023!X9/tennessee_demographics_2022!X9),0) -> 37019 | X9: =IFERROR(tennessee_demographics_2023!Y9*(tennessee_demographics_2023!Y9/tennessee_demographics_2022!Y9),0) -> 2024.0015
A10: =IFERROR(tennessee_demographics_2023!A10*(tennessee_demographics_2023!A10/tennessee_demographics_2022!A10),0) -> 2040.7218 | B10: =IFERROR(tennessee_demographics_2023!B10*(tennessee_demographics_2023!B10/tennessee_demographics_2022!B10),0) -> 2525.3718 | C10: 368.31756 | D10: 254.83934 | E10: 273.94204 | F10: 610.43079 | G10: 268.71384 | H10: 351.78296 | I10: 336.81153 | J10: 1431.5763 | K10: 535.79591 | L10: =IFERROR(tennessee_demographics_2023!L10*(tennessee_demographics_2023!L10/tennessee_demographics_2022!L10),0) -> 211.00178 | M10: =IFERROR(tennessee_demographics_2023!M10*(tennessee_demographics_2023!M10/tennessee_demographics_2022!M10),0) -> 1625.5817 | N10: =IFERROR(tennessee_demographics_2023!N10*(tennessee_demographics_2023!N10/tennessee_demographics_2022!N10),0) -> 773.30192 | O10: =IFERROR(tennessee_demographics_2023!O10*(tennessee_demographics_2023!O10/tennessee_demographics_2022!O10),0) -> 1905.0465 | P10: =IFERROR(tennessee_demographics_2023!P10*(tennessee_demographics_2023!P10/tennessee_demographics_2022!P10),0) -> 691.5718 | Q10: =IFERROR(tennessee_demographics_2023!Q10*(tennessee_demographics_2023!Q10/tennessee_demographics_2022!Q10),0) -> 660.47871 | R10: =IFERROR(tennessee_demographics_2023!R10*(tennessee_demographics_2023!R10/tennessee_demographics_2022!R10),0) -> 185.65445 | S10: 1741.1434 | T10: =IFERROR(tennessee_demographics_2023!U10*(tennessee_demographics_2023!U10/tennessee_demographics_2022!U10),0) -> 4554.2151 | U10: =IFERROR(tennessee_demographics_2023!V10*(tennessee_demographics_2023!V10/tennessee_demographics_2022!V10),0) -> 1732.5713 | V10: =IFERROR(tennessee_demographics_2023!W10*(tennessee_demographics_2023!W10/tennessee_demographics_2022!W10),0) -> 94571.94 | W10: =IFERROR(tennessee_demographics_2023!X10*(tennessee_demographics_2023!X10/tennessee_demographics_2022!X10),0) -> 37020 | X10: =IFERROR(tennessee_demographics_2023!Y10*(tennessee_demographics_2023!Y10/tennessee_demographics_2022!Y10),0) -> 2024.0015
A11: =IFERROR(tennessee_demographics_2023!A11*(tennessee_demographics_2023!A11/tennessee_demographics_2022!A11),0) -> 2472.389 | B11: =IFERROR(tennessee_demographics_2023!B11*(tennessee_demographics_2023!B11/tennessee_demographics_2022!B11),0) -> 3137.5985 | C11: 821.5093 | D11: 170.143 | E11: 332.73746 | F11: 543.65432 | G11: 328.97103 | H11: 327.12492 | I11: 1643.4272 | J11: 832.21784 | K11: 2190.5926 | L11: =IFERROR(tennessee_demographics_2023!L11*(tennessee_demographics_2023!L11/tennessee_demographics_2022!L11),0) -> 237.02374 | M11: =IFERROR(tennessee_demographics_2023!M11*(tennessee_demographics_2023!M11/tennessee_demographics_2022!M11),0) -> 1455.2558 | N11: =IFERROR(tennessee_demographics_2023!N11*(tennessee_demographics_2023!N11/tennessee_demographics_2022!N11),0) -> 205.99365 | O11: =IFERROR(tennessee_demographics_2023!O11*(tennessee_demographics_2023!O11/tennessee_demographics_2022!O11),0) -> 1842.152 | P11: =IFERROR(tennessee_demographics_2023!P11*(tennessee_demographics_2023!P11/tennessee_demographics_2022!P11),0) -> 1118.1479 | Q11: =IFERROR(tennessee_demographics_2023!Q11*(tennessee_demographics_2023!Q11/tennessee_demographics_2022!Q11),0) -> 573.0207 | R11: =IFERROR(tennessee_demographics_2023!R11*(tennessee_demographics_2023!R11/tennessee_demographics_2022!R11),0) -> 77.143417 | S11: 2064.8581 | T11: =IFERROR(tennessee_demographics_2023!U11*(tennessee_demographics_2023!U11/tennessee_demographics_2022!U11),0) -> 5542.2158 | U11: =IFERROR(tennessee_demographics_2023!V11*(tennessee_demographics_2023!V11/tennessee_demographics_2022!V11),0) -> 2063.317 | V11: =IFERROR(tennessee_demographics_2023!W11*(tennessee_demographics_2023!W11/tennessee_demographics_2022!W11),0) -> 71700.218 | W11: =IFERROR(tennessee_demographics_2023!X11*(tennessee_demographics_2023!X11/tennessee_demographics_2022!X11),0) -> 37022 | X11: =IFERROR(tennessee_demographics_2023!Y11*(tennessee_demographics_2023!Y11/tennessee_demographics_2022!Y11),0) -> 2024.0015
A12: =IFERROR(tennessee_demographics_2023!A12*(tennessee_demographics_2023!A12/tennessee_demographics_2022!A12),0) -> 1239.5381 | B12: =IFERROR(tennessee_demographics_2023!B12*(tennessee_demographics_2023!B12/tennessee_demographics_2022!B12),0) -> 791.60816 | C12: 3317.9164 | D12: 349.11328 | E12: 110.04179 | F12: 214.00945 | G12: 424.84322 | H12: 116.3895 | I12: 231.99163 | J12: 555.6594 | K12: 40.359862 | L12: =IFERROR(tennessee_demographics_2023!L12*(tennessee_demographics_2023!L12/tennessee_demographics_2022!L12),0) -> 0 | M12: =IFERROR(tennessee_demographics_2023!M12*(tennessee_demographics_2023!M12/tennessee_demographics_2022!M12),0) -> 805.37242 | N12: =IFERROR(tennessee_demographics_2023!N12*(tennessee_demographics_2023!N12/tennessee_demographics_2022!N12),0) -> 27.892562 | O12: =IFERROR(tennessee_demographics_2023!O12*(tennessee_demographics_2023!O12/tennessee_demographics_2022!O12),0) -> 849.36069 | P12: =IFERROR(tennessee_demographics_2023!P12*(tennessee_demographics_2023!P12/tennessee_demographics_2022!P12),0) -> 691.23651 | Q12: =IFERROR(tennessee_demographics_2023!Q12*(tennessee_demographics_2023!Q12/tennessee_demographics_2022!Q12),0) -> 6.3518519 | R12: =IFERROR(tennessee_demographics_2023!R12*(tennessee_demographics_2023!R12/tennessee_demographics_2022!R12),0) -> 0 | S12: 469.48867 | T12: =IFERROR(tennessee_demographics_2023!U12*(tennessee_demographics_2023!U12/tennessee_demographics_2022!U12),0) -> 2016.4927 | U12: =IFERROR(tennessee_demographics_2023!V12*(tennessee_demographics_2023!V12/tennessee_demographics_2022!V12),0) -> 449.36768 | V12: =IFERROR(tennessee_demographics_2023!W12*(tennessee_demographics_2023!W12/tennessee_demographics_2022!W12),0) -> 120436.03 | W12: =IFERROR(tennessee_demographics_2023!X12*(tennessee_demographics_2023!X12/tennessee_demographics_2022!X12),0) -> 37023 | X12: =IFERROR(tennessee_demographics_2023!Y12*(tennessee_demographics_2023!Y12/tennessee_demographics_2022!Y12),0) -> 2024.0015
A13: =IFERROR(tennessee_demographics_2023!A13*(tennessee_demographics_2023!A13/tennessee_demographics_2022!A13),0) -> 4380.5355 | B13: =IFERROR(tennessee_demographics_2023!B13*(tennessee_demographics_2023!B13/tennessee_demographics_2022!B13),0) -> 4735.5106 | C13: 1060.9109 | D13: 166.28092 | E13: 1913.4419 | F13: 834.36307 | G13: 399.67545 | H13: 1347.2714 | I13: 948.10616 | J13: 2621.1035 | K13: 64647.143 | L13: =IFERROR(tennessee_demographics_2023!L13*(tennessee_demographics_2023!L13/tennessee_demographics_2022!L13),0) -> 111.2673 | M13: =IFERROR(tennessee_demographics_2023!M13*(tennessee_demographics_2023!M13/tennessee_demographics_2022!M13),0) -> 3850.8254 | N13: =IFERROR(tennessee_demographics_2023!N13*(tennessee_demographics_2023!N13/tennessee_demographics_2022!N13),0) -> 357.92678 | O13: =IFERROR(tennessee_demographics_2023!O13*(tennessee_demographics_2023!O13/tennessee_demographics_2022!O13),0) -> 5571.2287 | P13: =IFERROR(tennessee_demographics_2023!P13*(tennessee_demographics_2023!P13/tennessee_demographics_2022!P13),0) -> 709.27389 | Q13: =IFERROR(tennessee_demographics_2023!Q13*(tennessee_demographics_2023!Q13/tennessee_demographics_2022!Q13),0) -> 1168.2008 | R13: =IFERROR(tennessee_demographics_2023!R13*(tennessee_demographics_2023!R13/tennessee_demographics_2022!R13),0) -> 422.47809 | S13: 2836.0372 | T13: =IFERROR(tennessee_demographics_2023!U13*(tennessee_demographics_2023!U13/tennessee_demographics_2022!U13),0) -> 9104.9761 | U13: =IFERROR(tennessee_demographics_2023!V13*(tennessee_demographics_2023!V13/tennessee_demographics_2022!V13),0) -> 2832.4251 | V13: =IFERROR(tennessee_demographics_2023!W13*(tennessee_demographics_2023!W13/tennessee_demographics_2022!W13),0) -> 148261.8 | W13: =IFERROR(tennessee_demographics_2023!X13*(tennessee_demographics_2023!X13/tennessee_demographics_2022!X13),0) -> 37025 | X13: =IFERROR(tennessee_demographics_2023!Y13*(tennessee_demographics_2023!Y13/tennessee_demographics_2022!Y13),0) -> 2024.0015
... A637: =IFERROR(tennessee_demographics_2023!A637*(tennessee_demographics_2023!A637/tennessee_demographics_2022!A637),0) -> 182.06844 | B637: =IFERROR(tennessee_demographics_2023!B637*(tennessee_demographics_2023!B637/tennessee_demographics_2022!B637),0) -> 66.165123 | C637: 23.404281 | D637: 0 | E637: 0 | F637: 106.11 | G637: 46.32686 | H637: 20.720529 | I637: 94.770083 | J637: 51 | K637: 0 | L637: =IFERROR(tennessee_demographics_2023!L637*(tennessee_demographics_2023!L637/tennessee_demographics_2022!L637),0) -> 0 | M637: =IFERROR(tennessee_demographics_2023!M637*(tennessee_demographics_2023!M637/tennessee_demographics_2022!M637),0) -> 73.428467 | N637: =IFERROR(tennessee_demographics_2023!N637*(tennessee_demographics_2023!N637/tennessee_demographics_2022!N637),0) -> 0 | O637: =IFERROR(tennessee_demographics_2023!O637*(tennessee_demographics_2023!O637/tennessee_demographics_2022!O637),0) -> 79.391224 | P637: =IFERROR(tennessee_demographics_2023!P637*(tennessee_demographics_2023!P637/tennessee_demographics_2022!P637),0) -> 3.0181406 | Q637: =IFERROR(tennessee_demographics_2023!Q637*(tennessee_demographics_2023!Q637/tennessee_demographics_2022!Q637),0) -> 0 | R637: =IFERROR(tennessee_demographics_2023!R637*(tennessee_demographics_2023!R637/tennessee_demographics_2022!R637),0) -> 0 | S637: 105.11145 | T637: =IFERROR(tennessee_demographics_2023!U637*(tennessee_demographics_2023!U637/tennessee_demographics_2022!U637),0) -> 248 | U637: =IFERROR(tennessee_demographics_2023!V637*(tennessee_demographics_2023!V637/tennessee_demographics_2022!V637),0) -> 105.10746 | V637: =IFERROR(tennessee_demographics_2023!W637*(tennessee_demographics_2023!W637/tennessee_demographics_2022!W637),0) -> 58517.629 | W637: =IFERROR(tennessee_demographics_2023!X637*(tennessee_demographics_2023!X637/tennessee_demographics_2022!X637),0) -> 38589 | X637: =IFERROR(tennessee_demographics_2023!Y637*(tennessee_demographics_2023!Y637/tennessee_demographics_2022!Y637),0) -> 2024.0015
